[{"id":1,"name":"Vasea Petrovici","email":"vasea@mail.ru","password":"123456ab","create_date":"2015-05-20"},{"id":2,"name":"Ion Banan","email":"ionut@mail.com","password":"3334446ab","create_date":"2014-07-20"},{"id":3,"name":"Gosa Tractorist","email":"gosaa@rambler.ru","password":"88888aa","create_date":"2015-10-29"},{"id":4,"name":"Vasea Petrovici","email":"vasea@mail.ru","password":"123456ab","create_date":"2015-05-20"},{"id":5,"name":"Ion Banan","email":"ionut@mail.com","password":"3334446ab","create_date":"2014-07-20"},{"id":6,"name":"Gosa Tractorist","email":"gosaa@rambler.ru","password":"88888aa","create_date":"2015-10-29"}]